nuts2_code_2016,nuts2_code_2021,change_type,n_predecessor_regions,region_name
BE31,BE31,unchanged,1,
BE32,BE32,unchanged,1,
BE33,BE33,unchanged,1,
BE34,BE34,unchanged,1,
CH05,CH05,unchanged,1,
CH06,CH06,unchanged,1,
CH07,CH07,unchanged,1,
CY00,CY00,unchanged,1,
CZ01,CZ01,unchanged,1,
CZ02,CZ02,unchanged,1,
CZ03,CZ03,unchanged,1,
CZ04,CZ04,unchanged,1,
CZ05,CZ05,unchanged,1,
CZ06,CZ06,unchanged,1,
CZ07,CZ07,unchanged,1,
CZ08,CZ08,unchanged,1,
DE11,DE11,unchanged,1,
DE12,DE12,unchanged,1,
DE13,DE13,unchanged,1,
DE14,DE14,unchanged,1,
DE21,DE21,unchanged,1,
DE22,DE22,unchanged,1,
DE23,DE23,unchanged,1,
DE24,DE24,unchanged,1,
DE25,DE25,unchanged,1,
DE26,DE26,unchanged,1,
DE27,DE27,unchanged,1,
DE30,DE30,unchanged,1,
DE40,DE40,unchanged,1,
DE50,DE50,unchanged,1,
DE60,DE60,unchanged,1,
DE71,DE71,unchanged,1,
DE72,DE72,unchanged,1,
DE73,DE73,unchanged,1,
DE80,DE80,unchanged,1,
DE91,DE91,unchanged,1,
DE92,DE92,unchanged,1,
DE93,DE93,unchanged,1,
DE94,DE94,unchanged,1,
DEA1,DEA1,unchanged,1,
DEA2,DEA2,unchanged,1,
DEA3,DEA3,unchanged,1,
DEA4,DEA4,unchanged,1,
DEA5,DEA5,unchanged,1,
FRG0,FRG0,unchanged,1,
FRH0,FRH0,unchanged,1,
PL21,PL21,unchanged,1,
PL22,PL22,unchanged,1,
PL41,PL41,unchanged,1,
PL42,PL42,unchanged,1,
PL43,PL43,unchanged,1,
PL51,PL51,unchanged,1,
PL52,PL52,unchanged,1,
PL61,PL61,unchanged,1,
PL62,PL62,unchanged,1,
AL01,AL01,unchanged,1,
AL02,AL02,unchanged,1,
AL03,AL03,unchanged,1,
AT11,AT11,unchanged,1,
AT12,AT12,unchanged,1,
AT13,AT13,unchanged,1,
AT21,AT21,unchanged,1,
AT22,AT22,unchanged,1,
AT31,AT31,unchanged,1,
AT32,AT32,unchanged,1,
AT33,AT33,unchanged,1,
AT34,AT34,unchanged,1,
BE10,BE10,unchanged,1,
BE21,BE21,unchanged,1,
BE22,BE22,unchanged,1,
BE23,BE23,unchanged,1,
BE24,BE24,unchanged,1,
BE25,BE25,unchanged,1,
ITH4,ITH4,unchanged,1,
ITH5,ITH5,unchanged,1,
ITI1,ITI1,unchanged,1,
ITI2,ITI2,unchanged,1,
BE35,BE35,unchanged,1,
BG31,BG31,unchanged,1,
BG32,BG32,unchanged,1,
BG33,BG33,unchanged,1,
BG34,BG34,unchanged,1,
BG41,BG41,unchanged,1,
BG42,BG42,unchanged,1,
CH01,CH01,unchanged,1,
CH02,CH02,unchanged,1,
CH03,CH03,unchanged,1,
CH04,CH04,unchanged,1,
PL81,PL81,unchanged,1,
PL82,PL82,unchanged,1,
PL84,PL84,unchanged,1,
PL91,PL91,unchanged,1,
PL92,PL92,unchanged,1,
PT11,PT11,unchanged,1,
PT15,PT15,unchanged,1,
PT16,PT16,unchanged,1,
PT17,PT17,unchanged,1,
PT18,PT18,unchanged,1,
PT20,PT20,unchanged,1,
PT30,PT30,unchanged,1,
TR22,TR22,unchanged,1,
TR31,TR31,unchanged,1,
TR32,TR32,unchanged,1,
EL65,EL65,unchanged,1,
ES11,ES11,unchanged,1,
ES12,ES12,unchanged,1,
ES13,ES13,unchanged,1,
ES21,ES21,unchanged,1,
ES22,ES22,unchanged,1,
ES23,ES23,unchanged,1,
ES24,ES24,unchanged,1,
ES30,ES30,unchanged,1,
ES41,ES41,unchanged,1,
ES42,ES42,unchanged,1,
ES43,ES43,unchanged,1,
ES51,ES51,unchanged,1,
ES52,ES52,unchanged,1,
ES53,ES53,unchanged,1,
ES61,ES61,unchanged,1,
ES62,ES62,unchanged,1,
ES63,ES63,unchanged,1,
ES64,ES64,unchanged,1,
ES70,ES70,unchanged,1,
FI19,FI19,unchanged,1,
FI1B,FI1B,unchanged,1,
FI1C,FI1C,unchanged,1,
FI1D,FI1D,unchanged,1,
FI20,FI20,unchanged,1,
FR10,FR10,unchanged,1,
FRB0,FRB0,unchanged,1,
FRC1,FRC1,unchanged,1,
FRC2,FRC2,unchanged,1,
FRD1,FRD1,unchanged,1,
FRD2,FRD2,unchanged,1,
FRE1,FRE1,unchanged,1,
FRE2,FRE2,unchanged,1,
FRF1,FRF1,unchanged,1,
FRF2,FRF2,unchanged,1,
FRF3,FRF3,unchanged,1,
FRI1,FRI1,unchanged,1,
FRI2,FRI2,unchanged,1,
FRI3,FRI3,unchanged,1,
FRJ1,FRJ1,unchanged,1,
FRJ2,FRJ2,unchanged,1,
FRK1,FRK1,unchanged,1,
FRK2,FRK2,unchanged,1,
FRL0,FRL0,unchanged,1,
FRM0,FRM0,unchanged,1,
FRY1,FRY1,unchanged,1,
FRY2,FRY2,unchanged,1,
FRY3,FRY3,unchanged,1,
FRY4,FRY4,unchanged,1,
FRY5,FRY5,unchanged,1,
HR03,HR03,unchanged,1,
HR02,HR02,unchanged,1,
HU11,HU11,unchanged,1,
HU12,HU12,unchanged,1,
HU21,HU21,unchanged,1,
HU22,HU22,unchanged,1,
HU23,HU23,unchanged,1,
HU31,HU31,unchanged,1,
HU32,HU32,unchanged,1,
HU33,HU33,unchanged,1,
IE04,IE04,unchanged,1,
IE05,IE05,unchanged,1,
IE06,IE06,unchanged,1,
DK03,DK03,unchanged,1,
DK04,DK04,unchanged,1,
DK05,DK05,unchanged,1,
EE00,EE00,unchanged,1,
EL30,EL30,unchanged,1,
EL41,EL41,unchanged,1,
EL42,EL42,unchanged,1,
EL43,EL43,unchanged,1,
EL51,EL51,unchanged,1,
EL52,EL52,unchanged,1,
EL53,EL53,unchanged,1,
EL54,EL54,unchanged,1,
EL61,EL61,unchanged,1,
EL62,EL62,unchanged,1,
EL63,EL63,unchanged,1,
EL64,EL64,unchanged,1,
ITI3,ITI3,unchanged,1,
ITI4,ITI4,unchanged,1,
LI00,LI00,unchanged,1,
LT01,LT01,unchanged,1,
LT02,LT02,unchanged,1,
LU00,LU00,unchanged,1,
LV00,LV00,unchanged,1,
ME00,ME00,unchanged,1,
MK00,MK00,unchanged,1,
MT00,MT00,unchanged,1,
NL11,NL11,unchanged,1,
NL12,NL12,unchanged,1,
NL13,NL13,unchanged,1,
NL21,NL21,unchanged,1,
NL22,NL22,unchanged,1,
NL23,NL23,unchanged,1,
NL31,NL31,unchanged,1,
NL32,NL32,unchanged,1,
NL33,NL33,unchanged,1,
NL34,NL34,unchanged,1,
NL41,NL41,unchanged,1,
NL42,NL42,unchanged,1,
IS00,IS00,unchanged,1,
ITC1,ITC1,unchanged,1,
ITC2,ITC2,unchanged,1,
ITC3,ITC3,unchanged,1,
ITC4,ITC4,unchanged,1,
ITF1,ITF1,unchanged,1,
ITF2,ITF2,unchanged,1,
ITF3,ITF3,unchanged,1,
ITF4,ITF4,unchanged,1,
ITF5,ITF5,unchanged,1,
ITF6,ITF6,unchanged,1,
ITG1,ITG1,unchanged,1,
ITG2,ITG2,unchanged,1,
ITH1,ITH1,unchanged,1,
ITH2,ITH2,unchanged,1,
ITH3,ITH3,unchanged,1,
TR33,TR33,unchanged,1,
TR41,TR41,unchanged,1,
TR42,TR42,unchanged,1,
TR51,TR51,unchanged,1,
TR52,TR52,unchanged,1,
TR61,TR61,unchanged,1,
TR62,TR62,unchanged,1,
TR63,TR63,unchanged,1,
TR71,TR71,unchanged,1,
TR72,TR72,unchanged,1,
TR81,TR81,unchanged,1,
TR82,TR82,unchanged,1,
TR83,TR83,unchanged,1,
TR90,TR90,unchanged,1,
TRA1,TRA1,unchanged,1,
TRA2,TRA2,unchanged,1,
TRB1,TRB1,unchanged,1,
TRB2,TRB2,unchanged,1,
TRC1,TRC1,unchanged,1,
TRC2,TRC2,unchanged,1,
TRC3,TRC3,unchanged,1,
RO11,RO11,unchanged,1,
RO12,RO12,unchanged,1,
RO21,RO21,unchanged,1,
RO22,RO22,unchanged,1,
RO31,RO31,unchanged,1,
RO32,RO32,unchanged,1,
RO41,RO41,unchanged,1,
RO42,RO42,unchanged,1,
RS11,RS11,unchanged,1,
RS12,RS12,unchanged,1,
RS21,RS21,unchanged,1,
RS22,RS22,unchanged,1,
SE11,SE11,unchanged,1,
SE12,SE12,unchanged,1,
SE21,SE21,unchanged,1,
SE22,SE22,unchanged,1,
SE23,SE23,unchanged,1,
SE31,SE31,unchanged,1,
SE32,SE32,unchanged,1,
SE33,SE33,unchanged,1,
SI03,SI03,unchanged,1,
SI04,SI04,unchanged,1,
SK01,SK01,unchanged,1,
SK02,SK02,unchanged,1,
SK03,SK03,unchanged,1,
SK04,SK04,unchanged,1,
TR10,TR10,unchanged,1,
TR21,TR21,unchanged,1,
DEB1,DEB1,unchanged,1,
DEB2,DEB2,unchanged,1,
DEB3,DEB3,unchanged,1,
DEC0,DEC0,unchanged,1,
DED2,DED2,unchanged,1,
DED4,DED4,unchanged,1,
DED5,DED5,unchanged,1,
DEE0,DEE0,unchanged,1,
DEF0,DEF0,unchanged,1,
DEG0,DEG0,unchanged,1,
DK01,DK01,unchanged,1,
DK02,DK02,unchanged,1,
PL63,PL63,unchanged,1,
PL71,PL71,unchanged,1,
PL72,PL72,unchanged,1,
HR05,HR05,unchanged,1,
HR06,HR06,unchanged,1,
NO02,NO02,unchanged,1,
NO06,NO06,unchanged,1,
NO07,NO07,unchanged,1,
NO08,NO08,unchanged,1,
NO09,NO09,unchanged,1,
NO0A,NO0A,unchanged,1,
NO0B,NO0B,unchanged,1,
